<?xml version="1.0" encoding="UTF-8"?>
<configuration>
  <appender name="STDOUT" class="ch.qos.logback.core.ConsoleAppender">
    <layout class="ch.qos.logback.classic.PatternLayout">
      <Pattern>%-5p %c - %m%ex%n</Pattern>
    </layout>
  </appender>
  <logger name="org.seasar">
    <level value="WARN" />
  </logger>
  <logger name="org.karatachi">
    <level value="INFO" />
  </logger>
  <root>
    <level value="ERROR" />
    <appender-ref ref="STDOUT" />
  </root>
</configuration>
