<assembly>
  <id>distribute</id>
  <formats>
    <format>zip</format>
  </formats>
  <fileSets>
    <fileSet>
      <includes>
        <include>README*</include>
        <include>LICENSE*</include>
        <include>NOTICE*</include>
        <include>pom.xml</include>
      </includes>
      <useDefaultExcludes>true</useDefaultExcludes>
    </fileSet>
    <fileSet>
      <directory>src</directory>
      <useDefaultExcludes>true</useDefaultExcludes>
    </fileSet>
    <fileSet>
      <directory>target</directory>
      <includes>
        <include>*.jar</include>
      </includes>
      <outputDirectory>/</outputDirectory>
    </fileSet>
  </fileSets>
  <dependencySets>
    <dependencySet>
      <scope>runtime</scope>
      <useProjectArtifact>false</useProjectArtifact>
      <outputDirectory>/lib</outputDirectory>
    </dependencySet>
  </dependencySets>
</assembly>
