<?xml version="1.0" encoding="UTF-8"?>
<project name="S2Wicket">
  <skin>
    <groupId>org.seasar.project</groupId>
    <artifactId>seasar-skin</artifactId>
    <version>0.1.3</version>
  </skin>
  <bannerRight>
    <src>
      http://maven.apache.org/images/maven-small.gif
    </src>
  </bannerRight>
  <body>
    <menu name="About">
      <item name="ホーム" href="index.html" />
      <item name="ライセンス" href="license.html" />
      <item name="ダウンロード" href="download.html" />
      <item name="変更履歴" href="changelog.html" />
    </menu>
    <menu name="ドキュメント">
      <item name="使い方(1.4.x～)" href="userguide.html" />
      <item name="使い方(～1.2.x)" href="old_userguide.html" />
      <item name="API" href="apidocs/index.html" />
    </menu>
    ${reports}
  </body>
</project>
